,ID,EVENT,INTERVAL,INTTIME,START,STOP,TX,NUM,SIZE
1,1,0,1,0,0,0,0,1,1
2,2,0,1,1,0,1,0,1,3
3,3,0,1,4,0,4,0,2,1
4,4,0,1,7,0,7,0,1,1
5,5,0,1,10,0,10,0,5,1
6,6,1,1,6,0,6,0,4,1
7,6,0,2,4,6,10,0,4,1
8,7,0,1,14,0,14,0,1,1
9,8,0,1,18,0,18,0,1,1
10,9,1,1,5,0,5,0,1,3
11,9,0,2,13,5,18,0,1,3
12,10,1,1,12,0,12,0,1,1
13,10,1,2,4,12,16,0,1,1
14,10,0,3,2,16,18,0,1,1
15,11,0,1,23,0,23,0,3,3
16,12,1,1,10,0,10,0,1,3
17,12,1,2,5,10,15,0,1,3
18,12,0,3,8,15,23,0,1,3
19,13,1,1,3,0,3,0,1,1
20,13,1,2,13,3,16,0,1,1
21,13,1,3,7,16,23,0,1,1
22,14,1,1,3,0,3,0,3,1
23,14,1,2,6,3,9,0,3,1
24,14,1,3,12,9,21,0,3,1
25,14,2,4,2,21,23,0,3,1
26,15,1,1,7,0,7,0,2,3
27,15,1,2,3,7,10,0,2,3
28,15,1,3,6,10,16,0,2,3
29,15,1,4,8,16,24,0,2,3
30,16,1,1,3,0,3,0,1,1
31,16,1,2,12,3,15,0,1,1
32,16,1,3,10,15,25,0,1,1
33,17,0,1,26,0,26,0,1,2
34,18,1,1,1,0,1,0,8,1
35,18,0,2,25,1,26,0,8,1
36,19,1,1,2,0,2,0,1,4
37,19,1,2,24,2,26,0,1,4
38,20,1,1,25,0,25,0,1,2
39,20,0,2,3,25,28,0,1,2
40,21,0,1,29,0,29,0,1,4
41,22,0,1,29,0,29,0,1,2
42,23,0,1,29,0,29,0,4,1
43,24,1,1,28,0,28,0,1,6
44,24,1,2,2,28,30,0,1,6
45,25,1,1,2,0,2,0,1,5
46,25,1,2,15,2,17,0,1,5
47,25,1,3,5,17,22,0,1,5
48,25,0,4,8,22,30,0,1,5
49,26,1,1,3,0,3,0,2,1
50,26,1,2,3,3,6,0,2,1
51,26,1,3,2,6,8,0,2,1
52,26,1,4,4,8,12,0,2,1
53,26,1,5,14,12,26,0,2,1
54,26,0,6,4,26,30,0,2,1
55,27,1,1,12,0,12,0,1,3
56,27,1,2,3,12,15,0,1,3
57,27,1,3,9,15,24,0,1,3
58,27,0,4,7,24,31,0,1,3
59,28,0,1,32,0,32,0,1,2
60,29,0,1,34,0,34,0,2,1
61,30,0,1,36,0,36,0,2,1
62,31,1,1,29,0,29,0,3,1
63,31,0,2,7,29,36,0,3,1
64,32,0,1,37,0,37,0,1,2
65,33,1,1,9,0,9,0,4,1
66,33,1,2,8,9,17,0,4,1
67,33,1,3,5,17,22,0,4,1
68,33,1,4,2,22,24,0,4,1
69,33,0,5,16,24,40,0,4,1
70,34,1,1,16,0,16,0,5,1
71,34,1,2,3,16,19,0,5,1
72,34,1,3,4,19,23,0,5,1
73,34,1,4,6,23,29,0,5,1
74,34,1,5,5,29,34,0,5,1
75,34,1,6,6,34,40,0,5,1
76,35,0,1,41,0,41,0,1,2
77,36,1,1,3,0,3,0,1,1
78,36,0,2,40,3,43,0,1,1
79,37,1,1,6,0,6,0,2,6
80,37,0,2,37,6,43,0,2,6
81,38,1,1,3,0,3,0,2,1
82,38,1,2,3,3,6,0,2,1
83,38,1,3,3,6,9,0,2,1
84,38,0,4,35,9,44,0,2,1
85,39,1,1,9,0,9,0,1,1
86,39,1,2,2,9,11,0,1,1
87,39,1,3,9,11,20,0,1,1
88,39,1,4,6,20,26,0,1,1
89,39,1,5,4,26,30,0,1,1
90,39,0,6,15,30,45,0,1,1
91,40,1,1,18,0,18,0,1,1
92,40,0,2,30,18,48,0,1,1
93,41,0,1,49,0,49,0,1,3
94,42,1,1,35,0,35,0,3,1
95,42,0,2,16,35,51,0,3,1
96,43,1,1,17,0,17,0,1,7
97,43,0,2,36,17,53,0,1,7
98,44,1,1,3,0,3,0,3,1
99,44,1,2,12,3,15,0,3,1
100,44,1,3,31,15,46,0,3,1
101,44,1,4,5,46,51,0,3,1
102,44,1,5,2,51,53,0,3,1
103,45,0,1,59,0,59,0,1,1
104,46,1,1,2,0,2,0,3,2
105,46,1,2,13,2,15,0,3,2
106,46,1,3,9,15,24,0,3,2
107,46,1,4,6,24,30,0,3,2
108,46,1,5,4,30,34,0,3,2
109,46,1,6,5,34,39,0,3,2
110,46,1,7,4,39,43,0,3,2
111,46,1,8,6,43,49,0,3,2
112,46,1,9,3,49,52,0,3,2
113,46,0,10,9,52,61,0,3,2
114,47,1,1,5,0,5,0,1,3
115,47,1,2,9,5,14,0,1,3
116,47,1,3,5,14,19,0,1,3
117,47,1,4,8,19,27,0,1,3
118,47,1,5,14,27,41,0,1,3
119,47,0,6,23,41,64,0,1,3
120,48,1,1,2,0,2,0,2,3
121,48,1,2,6,2,8,0,2,3
122,48,1,3,4,8,12,0,2,3
123,48,1,4,1,12,13,0,2,3
124,48,1,5,4,13,17,0,2,3
125,48,1,6,4,17,21,0,2,3
126,48,1,7,12,21,33,0,2,3
127,48,1,8,16,33,49,0,2,3
128,48,0,9,15,49,64,0,2,3
214,81,0,1,1,0,1,1,1,3
215,82,0,1,1,0,1,1,1,1
216,83,1,1,5,0,5,1,8,1
217,84,0,1,9,0,9,1,1,2
218,85,0,1,10,0,10,1,1,1
219,86,0,1,13,0,13,1,1,1
220,87,1,1,3,0,3,1,2,6
221,87,0,2,11,3,14,1,2,6
222,88,1,1,1,0,1,1,5,3
223,88,1,2,2,1,3,1,5,3
224,88,1,3,2,3,5,1,5,3
225,88,1,4,2,5,7,1,5,3
226,88,1,5,3,7,10,1,5,3
227,88,0,6,7,10,17,1,5,3
228,89,0,1,18,0,18,1,5,1
229,90,1,1,17,0,17,1,1,3
230,90,0,2,1,17,18,1,1,3
231,91,1,1,2,0,2,1,5,1
232,91,2,2,17,2,19,1,5,1
233,92,1,1,17,0,17,1,1,1
234,92,1,2,2,17,19,1,1,1
235,92,0,3,2,19,21,1,1,1
236,93,0,1,22,0,22,1,1,1
237,94,0,1,25,0,25,1,1,3
238,95,0,1,25,0,25,1,1,5
239,96,0,1,25,0,25,1,1,1
240,97,1,1,6,0,6,1,1,1
241,97,1,2,6,6,12,1,1,1
242,97,1,3,1,12,13,1,1,1
243,97,0,4,13,13,26,1,1,1
244,98,1,1,6,0,6,1,1,1
245,98,0,2,21,6,27,1,1,1
246,99,1,1,2,0,2,1,2,1
247,99,0,2,27,2,29,1,2,1
248,100,1,1,26,0,26,1,8,3
249,100,1,2,9,26,35,1,8,3
250,100,0,3,1,35,36,1,8,3
251,101,0,1,38,0,38,1,1,1
252,102,1,1,22,0,22,1,1,1
253,102,1,2,1,22,23,1,1,1
254,102,1,3,4,23,27,1,1,1
255,102,1,4,5,27,32,1,1,1
256,102,0,5,7,32,39,1,1,1
257,103,1,1,4,0,4,1,6,1
258,103,1,2,12,4,16,1,6,1
259,103,1,3,7,16,23,1,6,1
260,103,1,4,4,23,27,1,6,1
261,103,1,5,6,27,33,1,6,1
262,103,1,6,3,33,36,1,6,1
263,103,1,7,1,36,37,1,6,1
264,103,0,8,2,37,39,1,6,1
265,104,1,1,24,0,24,1,3,1
266,104,1,2,2,24,26,1,3,1
267,104,1,3,3,26,29,1,3,1
268,104,1,4,11,29,40,1,3,1
269,105,0,1,41,0,41,1,3,2
270,106,0,1,41,0,41,1,1,1
271,107,1,1,1,0,1,1,1,1
272,107,1,2,26,1,27,1,1,1
273,107,0,3,16,27,43,1,1,1
274,108,0,1,44,0,44,1,1,1
275,109,1,1,2,0,2,1,6,1
276,109,1,2,18,2,20,1,6,1
277,109,1,3,3,20,23,1,6,1
278,109,1,4,4,23,27,1,6,1
279,109,1,5,11,27,38,1,6,1
280,109,0,6,6,38,44,1,6,1
281,110,0,1,45,0,45,1,1,2
282,111,1,1,2,0,2,1,1,4
283,111,0,2,44,2,46,1,1,4
284,112,0,1,46,0,46,1,1,4
285,113,0,1,49,0,49,1,3,3
286,114,0,1,50,0,50,1,1,1
287,115,1,1,4,0,4,1,4,1
288,115,1,2,20,4,24,1,4,1
289,115,1,3,23,24,47,1,4,1
290,115,0,4,3,47,50,1,4,1
291,116,0,1,54,0,54,1,3,4
292,117,1,1,38,0,38,1,2,1
293,117,0,2,16,38,54,1,2,1
294,118,0,1,59,0,59,1,1,3
